{
  "DungeonInfos": [
    {
      "objectinfos": [
        {
          "filePath": "Dungeon/LorienAndForceAltar",
          "position": {
            "x": 3.82,
            "y": -9.45,
            "z": -4.17578125,
            "normalized": {
              "x": 0.346797228,
              "y": -0.857914567,
              "z": -0.3790967,
              "magnitude": 1.0,
              "sqrMagnitude": 1.0
            },
            "magnitude": 11.0150824,
            "sqrMagnitude": 121.332047
          }
        }
      ],
      "monsterInfos": [
        {
          "filePath": "Monster/Tauarmy/Unit/Tauarmy",
          "position": {
            "x": -2.18,
            "y": -10.28,
            "z": 0.0,
            "normalized": {
              "x": -0.207449019,
              "y": -0.9782458,
              "z": 0.0,
              "normalized": {
                "x": -0.207449034,
                "y": -0.978245854,
                "z": 0.0,
                "magnitude": 1.0,
                "sqrMagnitude": 1.0
              },
              "magnitude": 0.99999994,
              "sqrMagnitude": 0.99999994
            },
            "magnitude": 10.508606,
            "sqrMagnitude": 110.430794
          }
        }
      ],
      "potalTransportinfos": [
        {
          "filePath": "Object/PotalTransport Side",
          "position": {
            "x": -14.84,
            "y": -8.63,
            "z": 0.0,
            "normalized": {
              "x": -0.864454269,
              "y": -0.5027116,
              "z": 0.0,
              "normalized": {
                "x": -0.86445415,
                "y": -0.502711535,
                "z": 0.0,
                "normalized": {
                  "x": -0.8644542,
                  "y": -0.5027116,
                  "z": 0.0,
                  "magnitude": 1.0,
                  "sqrMagnitude": 1.0
                },
                "magnitude": 0.99999994,
                "sqrMagnitude": 0.9999999
              },
              "magnitude": 1.00000012,
              "sqrMagnitude": 1.00000012
            },
            "magnitude": 17.1669,
            "sqrMagnitude": 294.7025
          },
          "spotPosition": [
            {
              "x": -12.88,
              "y": -9.25,
              "z": 0.0,
              "normalized": {
                "x": -0.812239468,
                "y": -0.583324134,
                "z": 0.0,
                "magnitude": 1.0,
                "sqrMagnitude": 1.0
              },
              "magnitude": 15.8573923,
              "sqrMagnitude": 251.456909
            },
            {
              "x": -14.84,
              "y": -8.63,
              "z": 0.0,
              "normalized": {
                "x": -0.864454269,
                "y": -0.5027116,
                "z": 0.0,
                "normalized": {
                  "x": -0.86445415,
                  "y": -0.502711535,
                  "z": 0.0,
                  "normalized": {
                    "x": -0.8644542,
                    "y": -0.5027116,
                    "z": 0.0,
                    "magnitude": 1.0,
                    "sqrMagnitude": 1.0
                  },
                  "magnitude": 0.99999994,
                  "sqrMagnitude": 0.9999999
                },
                "magnitude": 1.00000012,
                "sqrMagnitude": 1.00000012
              },
              "magnitude": 17.1669,
              "sqrMagnitude": 294.7025
            },
            {
              "x": -14.84,
              "y": -8.63,
              "z": 0.0,
              "normalized": {
                "x": -0.864454269,
                "y": -0.5027116,
                "z": 0.0,
                "normalized": {
                  "x": -0.86445415,
                  "y": -0.502711535,
                  "z": 0.0,
                  "normalized": {
                    "x": -0.8644542,
                    "y": -0.5027116,
                    "z": 0.0,
                    "magnitude": 1.0,
                    "sqrMagnitude": 1.0
                  },
                  "magnitude": 0.99999994,
                  "sqrMagnitude": 0.9999999
                },
                "magnitude": 1.00000012,
                "sqrMagnitude": 1.00000012
              },
              "magnitude": 17.1669,
              "sqrMagnitude": 294.7025
            },
            {
              "x": -14.84,
              "y": -8.63,
              "z": 0.0,
              "normalized": {
                "x": -0.864454269,
                "y": -0.5027116,
                "z": 0.0,
                "normalized": {
                  "x": -0.86445415,
                  "y": -0.502711535,
                  "z": 0.0,
                  "normalized": {
                    "x": -0.8644542,
                    "y": -0.5027116,
                    "z": 0.0,
                    "magnitude": 1.0,
                    "sqrMagnitude": 1.0
                  },
                  "magnitude": 0.99999994,
                  "sqrMagnitude": 0.9999999
                },
                "magnitude": 1.00000012,
                "sqrMagnitude": 1.00000012
              },
              "magnitude": 17.1669,
              "sqrMagnitude": 294.7025
            }
          ],
          "arrow": 2,
          "nextIndex": 0
        }
      ],
      "potalSceneInfos": [],
      "PlayerStartPosition": {
        "x": 0.0,
        "y": 0.0,
        "z": 0.0,
        "magnitude": 0.0,
        "sqrMagnitude": 0.0
      }
    }
  ]
}