{
  "DungeonInfos": [
    {
      "objectinfos": [
        {
          "filePath": "Dungeon/Dungeon",
          "position": {
            "x": 5.21,
            "y": -8.42,
            "z": -4.17578125,
            "normalized": {
              "x": 0.4848292,
              "y": -0.7835435,
              "z": -0.388587445,
              "magnitude": 1.0,
              "sqrMagnitude": 1.0
            },
            "magnitude": 10.7460527,
            "sqrMagnitude": 115.477654
          }
        }
      ],
      "monsterInfos": [
        {
          "filePath": "Monster/Goblin/Unit/Goblin",
          "position": {
            "x": -2.38241768,
            "y": -6.76626635,
            "z": 0.0,
            "normalized": {
              "x": -0.332116365,
              "y": -0.9432384,
              "z": 0.0,
              "normalized": {
                "x": -0.3321164,
                "y": -0.943238437,
                "z": 0.0,
                "magnitude": 1.0,
                "sqrMagnitude": 1.0
              },
              "magnitude": 0.99999994,
              "sqrMagnitude": 0.99999994
            },
            "magnitude": 7.17344236,
            "sqrMagnitude": 51.4582748
          }
        }
      ],
      "potalTransportinfos": [
        {
          "filePath": "Object/PotalTransport Side",
          "position": {
            "x": 2.68977237,
            "y": -4.31614,
            "z": 0.0,
            "normalized": {
              "x": 0.5288934,
              "y": -0.848688245,
              "z": 0.0,
              "magnitude": 1.0,
              "sqrMagnitude": 1.0
            },
            "magnitude": 5.08566046,
            "sqrMagnitude": 25.8639412
          },
          "spotPosition": [
            {
              "x": 2.68977237,
              "y": -4.31614,
              "z": 0.0,
              "normalized": {
                "x": 0.5288934,
                "y": -0.848688245,
                "z": 0.0,
                "magnitude": 1.0,
                "sqrMagnitude": 1.0
              },
              "magnitude": 5.08566046,
              "sqrMagnitude": 25.8639412
            },
            {
              "x": 2.68977237,
              "y": -4.31614,
              "z": 0.0,
              "normalized": {
                "x": 0.5288934,
                "y": -0.848688245,
                "z": 0.0,
                "magnitude": 1.0,
                "sqrMagnitude": 1.0
              },
              "magnitude": 5.08566046,
              "sqrMagnitude": 25.8639412
            },
            {
              "x": 2.68977237,
              "y": -4.31614,
              "z": 0.0,
              "normalized": {
                "x": 0.5288934,
                "y": -0.848688245,
                "z": 0.0,
                "magnitude": 1.0,
                "sqrMagnitude": 1.0
              },
              "magnitude": 5.08566046,
              "sqrMagnitude": 25.8639412
            },
            {
              "x": 2.68977237,
              "y": -4.31614,
              "z": 0.0,
              "normalized": {
                "x": 0.5288934,
                "y": -0.848688245,
                "z": 0.0,
                "magnitude": 1.0,
                "sqrMagnitude": 1.0
              },
              "magnitude": 5.08566046,
              "sqrMagnitude": 25.8639412
            }
          ],
          "arrow": 3,
          "nextIndex": 1
        }
      ],
      "potalSceneInfos": [],
      "PlayerStartPosition": {
        "x": -10.61,
        "y": -5.98,
        "z": 0.0,
        "normalized": {
          "x": -0.8711586,
          "y": -0.491001725,
          "z": 0.0,
          "magnitude": 1.0,
          "sqrMagnitude": 1.0
        },
        "magnitude": 12.179183,
        "sqrMagnitude": 148.332489
      }
    },
    {
      "objectinfos": [
        {
          "filePath": "Dungeon/Dungeon",
          "position": {
            "x": 5.21,
            "y": -8.42,
            "z": -4.17578125,
            "normalized": {
              "x": 0.4848292,
              "y": -0.7835435,
              "z": -0.388587445,
              "magnitude": 1.0,
              "sqrMagnitude": 1.0
            },
            "magnitude": 10.7460527,
            "sqrMagnitude": 115.477654
          }
        }
      ],
      "monsterInfos": [
        {
          "filePath": "Monster/Tauarmy/Unit/Tauarmy",
          "position": {
            "x": 0.21,
            "y": -7.05,
            "z": 0.0,
            "normalized": {
              "x": 0.0297740251,
              "y": -0.999556661,
              "z": 0.0,
              "magnitude": 1.0,
              "sqrMagnitude": 1.0
            },
            "magnitude": 7.05312729,
            "sqrMagnitude": 49.7466
          }
        }
      ],
      "potalTransportinfos": [
        {
          "filePath": "Object/PotalTransport Side",
          "position": {
            "x": 3.8,
            "y": -4.31614,
            "z": 0.0,
            "normalized": {
              "x": 0.660804,
              "y": -0.750558555,
              "z": 0.0,
              "magnitude": 1.0,
              "sqrMagnitude": 1.0
            },
            "magnitude": 5.750571,
            "sqrMagnitude": 33.0690651
          },
          "spotPosition": [
            {
              "x": 3.8,
              "y": -4.31614,
              "z": 0.0,
              "normalized": {
                "x": 0.660804,
                "y": -0.750558555,
                "z": 0.0,
                "magnitude": 1.0,
                "sqrMagnitude": 1.0
              },
              "magnitude": 5.750571,
              "sqrMagnitude": 33.0690651
            },
            {
              "x": 3.8,
              "y": -4.31614,
              "z": 0.0,
              "normalized": {
                "x": 0.660804,
                "y": -0.750558555,
                "z": 0.0,
                "magnitude": 1.0,
                "sqrMagnitude": 1.0
              },
              "magnitude": 5.750571,
              "sqrMagnitude": 33.0690651
            },
            {
              "x": 3.8,
              "y": -4.31614,
              "z": 0.0,
              "normalized": {
                "x": 0.660804,
                "y": -0.750558555,
                "z": 0.0,
                "magnitude": 1.0,
                "sqrMagnitude": 1.0
              },
              "magnitude": 5.750571,
              "sqrMagnitude": 33.0690651
            },
            {
              "x": 3.8,
              "y": -4.31614,
              "z": 0.0,
              "normalized": {
                "x": 0.660804,
                "y": -0.750558555,
                "z": 0.0,
                "magnitude": 1.0,
                "sqrMagnitude": 1.0
              },
              "magnitude": 5.750571,
              "sqrMagnitude": 33.0690651
            }
          ],
          "arrow": 3,
          "nextIndex": 2
        },
        {
          "filePath": "Object/PotalTransport Side",
          "position": {
            "x": -13.69,
            "y": -4.31614,
            "z": 0.0,
            "normalized": {
              "x": -0.953722954,
              "y": -0.300686777,
              "z": 0.0,
              "magnitude": 1.0,
              "sqrMagnitude": 1.0
            },
            "magnitude": 14.3542728,
            "sqrMagnitude": 206.045151
          },
          "spotPosition": [
            {
              "x": -12.69,
              "y": -3.81614,
              "z": 0.0,
              "normalized": {
                "x": -0.953722954,
                "y": -0.300686777,
                "z": 0.0,
                "magnitude": 1.0,
                "sqrMagnitude": 1.0
              },
              "magnitude": 14.3542728,
              "sqrMagnitude": 206.045151
            },
            {
              "x": -13.69,
              "y": -4.31614,
              "z": 0.0,
              "normalized": {
                "x": -0.953722954,
                "y": -0.300686777,