{
  "DungeonInfos": [
    {
      "objectinfos": [
        {
          "filePath": "Dungeon/Dungeon",
          "position": {
            "x": 5.34,
            "y": -8.7,
            "z": -4.17578125,
            "normalized": {
              "x": 0.484170318,
              "y": -0.7888168,
              "z": -0.37861225,
              "magnitude": 1.0,
              "sqrMagnitude": 1.00000012
            },
            "magnitude": 11.0291767,
            "sqrMagnitude": 121.642746
          }
        }
      ],
      "monsterInfos": [
        {
          "filePath": "Monster/Goblin/Unit/Goblin",
          "position": {
            "x": -1.63379264,
            "y": -6.754106,
            "z": 0.0,
            "normalized": {
              "x": -0.235115245,
              "y": -0.9719675,
              "z": 0.0,
              "magnitude": 1.0,
              "sqrMagnitude": 1.0
            },
            "magnitude": 6.948901,
            "sqrMagnitude": 48.2872276
          }
        },
        {
          "filePath": "Monster/Goblin/Unit/Goblin",
          "position": {
            "x": -0.49,
            "y": -8.09,
            "z": 0.0,
            "normalized": {
              "x": -0.060457807,
              "y": -0.998170733,
              "z": 0.0,
              "magnitude": 1.0,
              "sqrMagnitude": 0.99999994
            },
            "magnitude": 8.104826,
            "sqrMagnitude": 65.6882
          }
        }
      ],
      "potalTransportinfos": [
        {
          "filePath": "Object/PotalTransport Side",
          "position": {
            "x": 2.69401932,
            "y": -4.717488,
            "z": 0.0,
            "normalized": {
              "x": 0.495904654,
              "y": -0.8683769,
              "z": 0.0,
              "normalized": {
                "x": 0.495904684,
                "y": -0.868377,
                "z": 0.0,
                "magnitude": 1.0,
                "sqrMagnitude": 1.0
              },
              "magnitude": 0.99999994,
              "sqrMagnitude": 0.9999999
            },
            "magnitude": 5.43253469,
            "sqrMagnitude": 29.5124321
          },
          "spotPosition": [
            {
              "x": 0.654019356,
              "y": -6.85748768,
              "z": 0.0,
              "normalized": {
                "x": 0.0949422047,
                "y": -0.995482743,
                "z": 0.0,
                "normalized": {
                  "x": 0.09494221,
                  "y": -0.9954828,
                  "z": 0.0,
                  "magnitude": 1.0,
                  "sqrMagnitude": 1.0
                },
                "magnitude": 0.99999994,
                "sqrMagnitude": 0.99999994
              },
              "magnitude": 6.888605,
              "sqrMagnitude": 47.452877
            },
            {
              "x": 2.69401932,
              "y": -4.717488,
              "z": 0.0,
              "normalized": {
                "x": 0.495904654,
                "y": -0.8683769,
                "z": 0.0,
                "normalized": {
                  "x": 0.495904684,
                  "y": -0.868377,
                  "z": 0.0,
                  "magnitude": 1.0,
                  "sqrMagnitude": 1.0
                },
                "magnitude": 0.99999994,
                "sqrMagnitude": 0.9999999
              },
              "magnitude": 5.43253469,
              "sqrMagnitude": 29.5124321
            },
            {
              "x": 2.69401932,
              "y": -4.717488,
              "z": 0.0,
              "normalized": {
                "x": 0.495904654,
                "y": -0.8683769,
                "z": 0.0,
                "normalized": {
                  "x": 0.495904684,
                  "y": -0.868377,
                  "z": 0.0,
                  "magnitude": 1.0,
                  "sqrMagnitude": 1.0
                },
                "magnitude": 0.99999994,
                "sqrMagnitude": 0.9999999
              },
              "magnitude": 5.43253469,
              "sqrMagnitude": 29.5124321
            },
            {
              "x": 2.69401932,
              "y": -4.717488,
              "z": 0.0,
              "normalized": {
                "x": 0.495904654,
                "y": -0.8683769,
                "z": 0.0,
                "normalized": {
                  "x": 0.495904684,
                  "y": -0.868377,
                  "z": 0.0,
                  "magnitude": 1.0,
                  "sqrMagnitude": 1.0
                },
                "magnitude": 0.99999994,
                "sqrMagnitude": 0.9999999
              },
              "magnitude": 5.43253469,
              "sqrMagnitude": 29.5124321
            }
          ],
          "arrow": 3,
          "nextIndex": 1
        }
      ],
      "potalSceneInfos": [],
      "PlayerStartPosition": {
        "x": -11.34,
        "y": -6.95,
        "z": 0.0,
        "normalized": {
          "x": -0.8526121,
          "y": -0.522544444,
          "z": 0.0,
          "magnitude": 1.0,
          "sqrMagnitude": 1.0
        },
        "magnitude": 13.3003044,
        "sqrMagnitude": 176.8981
      }
    },
    {
      "objectinfos": [
        {
          "filePath": "Dungeon/Dungeon",
          "position": {
            "x": 5.34,
            "y": -8.7,
            "z": -4.17578125,
            "normalized": {
              "x": 0.484170318,
              "y": -0.7888168,
              "z": -0.37861225,
              "magnitude": 1.0,
              "sqrMagnitude": 1.00000012
            },
            "magnitude": 11.0291767,
            "sqrMagnitude": 121.642746
          }
        }
      ],
      "monsterInfos": [
        {
          "filePath": "Monster/Goblin/Unit/Goblin",
          "position": {
            "x": -1.63379264,
            "y": -6.754106,
            "z": 0.0,
            "normalized": {
              "x": -0.235115245,
              "y": -0.9719675,
              "z": 0.0,
              "magnitude": 1.0,
              "sqrMagnitude": 1.0
            },
            "magnitude": 6.948901,
            "sqrMagnitude": 48.2872276
          }
        }
      ],
      "potalTransportinfos": [
        {
          "filePath": "Object/PotalTransport Side",
          "position": {
            "x": -13.5,
            "y": -7.04,
            "z": 0.0,
            "normalized": {
              "x": -0.8866785,
              "y": -0.4623864,
              "z": 0.0,
              "magnitude": 1.0,
              "sqrMagnitude": 1.0
            },
            "magnitude": 15.2253609,
            "sqrMagnitude": 231.8116
          },
          "spotPosition": [
            {
              "x": -11.3,
              "y": -8.04,
              "z": 0.0,
              "normalized": {
                "x": -0.814803958,
                "y": -0.5797366,
                "z": 0.0,
                "magnitude": 1.0,
                "sqrMagnitude": 1.0
              },
              "magnitude": 13.8683672,
              "sqrMagnitude": 192.3316
            },
            {
              "x": -13.5,
              "y": -7.04,
              "z": 0.0,
              "normalized": {
                "x": -0.8866785,
                "y": -0.4623864,
                "z": 0.0,
                "magnitude": 1.0,
                "sqrMagnitude": 1.0
              },
              "magnitude": 15.2253609,
              "sqrMagnitude": 231.8116
            },
            {
              "x": -13.5,
              "y": -7.04,
              "z": 0.0,
              "normalized": {
                "x": -0.8866785,
                "y": -0.4623864,
                "z": 0.0,
                "magnitude": 1.0,
                "sqrMagnitude": 1.0
              },
              "magnitude": 15.2253609,
              "sqrMagnitude": 231.8116
            },
            {
              "x": -13.5,
              "y": -7.04,
              "z": 0.0,